<?xml version='1.0' encoding='utf-8'?>
<products><item><sku>945217</sku><price>14.99</price><quantity>20</quantity><availability>in_stock</availability></item><item><sku>945218</sku><price>14.99</price><quantity>66</quantity><availability>in_stock</availability></item><item><sku>945219</sku><price>14.99</price><quantity>59</quantity><availability>in_stock</availability></item><item><sku>945220</sku><price>14.99</price><quantity>5</quantity><availability>in_stock</availability></item><item><sku>945221</sku><price>14.99</price><quantity>16</quantity><availability>in_stock</availability></item><item><sku>945222</sku><price>14.99</price><quantity>20</quantity><availability>in_stock</availability></item><item><sku>945223</sku><price>14.99</price><quantity>13</quantity><availability>in_stock</availability></item><item><sku>934104</sku><price>32.20</price><quantity>1</quantity><availability>in_stock</availability></item><item><sku>934105</sku><price>29.40</price><quantity>4</quantity><availability>in_stock</availability></item><item><sku>934106</sku><price>29.40</price><quantity>12</quantity><availability>in_stock</availability></item><item><sku>934107</sku><price>29.40</price><quantity>6</quantity><availability>in_stock</availability></item><item><sku>942398</sku><price>42.00</price><quantity>11</quantity><availability>in_stock</availability></item><item><sku>942399</sku><price>42.00</price><quantity>2</quantity><availability>in_stock</availability></item><item><sku>942400</sku><price>38.00</price><quantity>10</quantity><availability>in_stock</availability></item><item><sku>942401</sku><price>35.00</price><quantity>26</quantity><availability>in_stock</availability></item><item><sku>942402</sku><price>30.90</price><quantity>46</quantity><availability>in_stock</availability></item><item><sku>942403</sku><price>30.90</price><quantity>26</quantity><availability>in_stock</availability></item><item><sku>942404</sku><price>30.90</price><quantity>20</quantity><availability>in_stock</availability></item><item><sku>942405</sku><price>30.90</price><quantity>1</quantity><availability>in_stock</availability></item><item><sku>942406</sku><price>30.90</price><quantity>13</quantity><availability>in_stock</availability></item><item><sku>942407</sku><price>30.90</price><quantity>9</quantity><availability>in_stock</availability></item><item><sku>943729</sku><price>52.00</price><quantity>16</quantity><availability>in_stock</availability></item><item><sku>943730</sku><price>52.00</price><quantity>24</quantity><availability>in_stock</availability></item><item><sku>943731</sku><price>52.00</price><quantity>20</quantity><availability>in_stock</availability></item><item><sku>943732</sku><price>52.00</price><quantity>13</quantity><availability>in_stock</availability></item><item><sku>943733</sku><price>52.00</price><quantity>3</quantity><availability>in_stock</availability></item></products>