SKU,Наличност,Бройки,Цена
360947,Наличен,12,10.00
360997,Наличен,3,4.00
360472,Наличен,6,4.00
360473,Наличен,11,4.00
360474,Наличен,91,4.00
360475,Наличен,125,4.00
360476,Наличен,102,4.00
360477,Наличен,74,4.00
360478,Наличен,55,4.00
360956,Наличен,34,9.00
360957,Наличен,14,9.00
360958,Наличен,7,10.00
360959,Наличен,24,10.00
360960,Наличен,36,10.00
360961,Наличен,46,10.00
360962,Наличен,51,10.00
360963,Наличен,41,10.00
360964,Наличен,43,11.50
360965,Наличен,11,11.50
947056,Наличен,5,19.00
947057,Наличен,8,19.00
947058,Наличен,1,19.00
947025,Изчерпан,0,36.00
947026,Изчерпан,0,36.00
947027,Изчерпан,0,36.00
947031,Изчерпан,0,33.50
947032,Изчерпан,0,33.50
947033,Изчерпан,0,33.50
947028,Изчерпан,0,36.00
947029,Изчерпан,0,36.00
947030,Изчерпан,0,36.00
949760,Изчерпан,0,37.20
940291,Наличен,4,176.00
942511,Наличен,2,68.40
946036,Наличен,3,46.00
938150,Наличен,5,46.00
938151,Наличен,19,46.00
938152,Наличен,47,46.00
938153,Наличен,15,46.00
946037,Наличен,10,90.00
946034,Изчерпан,0,90.00
946035,Наличен,7,90.00
941130,Наличен,14,90.00
938154,Наличен,5,90.00
938155,Наличен,14,90.00
938156,Наличен,6,90.00
931100,Изчерпан,0,50.00
931101,Наличен,40,50.00
931102,Наличен,30,46.00
934197,Наличен,21,46.00
931103,Наличен,24,46.00
938147,Наличен,30,46.00
931104,Наличен,23,46.00
934198,Наличен,12,46.00
947329,Наличен,23,46.00
947330,Наличен,24,46.00
947331,Наличен,5,46.00
955634,Наличен,9,24.00
930705,Наличен,6,24.00
930706,Изчерпан,0,27.00
930707,Изчерпан,0,29.50
930708,Наличен,3,35.50
930709,Наличен,4,16.50
930710,Изчерпан,0,18.00
930711,Изчерпан,0,19.50
936323,Изчерпан,0,21.50
930712,Изчерпан,0,23.00
930713,Изчерпан,0,27.50
956589,Наличен,48,14.99
945216,Наличен,67,14.99
945217,Наличен,13,14.99
945218,Наличен,58,14.99
945219,Наличен,59,14.99
945220,Наличен,5,14.99
945221,Наличен,16,14.99
945222,Наличен,20,14.99
945223,Наличен,13,14.99
934104,Изчерпан,0,32.20
934105,Наличен,4,29.40
934106,Наличен,12,29.40
934107,Наличен,6,29.40
942398,Изчерпан,0,42.00
942399,Наличен,1,42.00
942400,Наличен,5,38.00
942401,Наличен,21,35.00
942402,Наличен,44,30.90
942403,Наличен,21,30.90
942404,Наличен,17,30.90
942405,Изчерпан,0,30.90
942406,Наличен,13,30.90
942407,Наличен,8,30.90
943729,Наличен,13,52.00
943730,Наличен,22,52.00
943731,Наличен,17,52.00
943732,Наличен,11,52.00
943733,Наличен,2,52.00
951264,Наличен,19,212.00
950715,Изчерпан,0,138.00
375161,Изчерпан,0,58.00
375158,Изчерпан,0,58.00
377909,Изчерпан,0,58.00
375180,Изчерпан,0,58.00
937303,Наличен,2,115.00
956049,Наличен,110,105.00
954068,Наличен,5,33.50
954065,Наличен,19,42.00
949207,Наличен,195,105.00
951258,Наличен,131,130.00
925622,Изчерпан,0,9.00
925623,Изчерпан,0,9.00
928387,Наличен,19,13.60
923342,Наличен,30,4.50
925107,Наличен,7,14.00
374420,Наличен,2,3.50
374421,Наличен,73,3.80
376941,Наличен,98,3.50
374179,Изчерпан,0,1.80
374180,Наличен,2,1.90
374181,Изчерпан,0,2.30
374182,Наличен,12,2.30
374183,Наличен,19,2.30
374457,Наличен,19,3.80
374419,Наличен,4,4.20
374437,Наличен,1,12.30
374185,Наличен,6,10.50
374130,Наличен,6,12.30
372108,Изчерпан,0,4.30
920461,Наличен,81,4.50
920462,Наличен,29,5.60
376017,Наличен,558,4.00
920347,Наличен,116,12.00
920348,Наличен,114,12.80
374456,Наличен,24,18.20
921152,Наличен,66,83.00
376908,Наличен,3,25.60
376006,Наличен,65,27.50
932566,Наличен,7,10.90
945546,Наличен,2,14.90
944748,Наличен,46,3.60
944747,Наличен,43,3.60
944742,Наличен,89,3.00
944741,Изчерпан,0,3.50
944743,Наличен,6,9.90
944744,Наличен,40,7.00
951291,Наличен,2,24.50
950536,Изчерпан,0,176.00
931018,Изчерпан,0,34.80
949585,Наличен,3,100.00
922691,Наличен,4,16.00
927659,Изчерпан,0,21.00
926784,Наличен,17,4.20
922683,Наличен,7,4.10
922685,Наличен,22,10.20
930740,Наличен,21,10.00
921538,Изчерпан,0,9.90
940000,Наличен,7,32.30
940001,Изчерпан,0,36.20
944895,Изчерпан,0,3.90
949781,Изчерпан,0,35.20
944892,Изчерпан,0,31.30
949783,Изчерпан,0,31.30
929767,Наличен,10,1.90
929768,Изчерпан,0,1.90
929769,Наличен,10,1.90
931487,Наличен,1,3.90
931488,Изчерпан,0,4.20
931489,Изчерпан,0,4.30
931490,Изчерпан,0,4.30
938400,Изчерпан,0,4.50
936135,Изчерпан,0,5.20
936136,Изчерпан,0,5.20
931709,Изчерпан,0,15.80
376940,Наличен,105,2.20
920871,Наличен,45,2.60
920872,Наличен,19,4.20
374477,Изчерпан,0,1.80
374436,Наличен,1,1.90
374145,Наличен,55,2.20
374146,Наличен,51,1.80
374147,Наличен,15,1.90
374148,Наличен,59,1.90
374149,Наличен,17,2.20
372558,Наличен,150,2.50
372559,Изчерпан,0,2.50
372560,Наличен,15,2.50
372561,Наличен,10,2.50
372562,Изчерпан,0,2.50
372563,Наличен,20,2.50
372595,Наличен,60,2.50
372589,Наличен,10,2.50
936373,Наличен,26,39.90
936374,Наличен,24,43.50
936375,Наличен,22,46.50
936376,Наличен,25,38.30
936377,Наличен,20,41.30
936378,Наличен,24,43.50
952215,Изчерпан,0,2.80
937600,Наличен,9,1.20
940400,Наличен,5,5.90
940854,Наличен,24,8.50
940849,Наличен,19,8.50
943930,Наличен,22,8.80
940862,Наличен,7,5.60
940861,Наличен,9,5.60
940850,Наличен,5,10.90
940847,Наличен,6,10.90
940852,Наличен,2,10.70
948659,Наличен,8,1.50
936673,Наличен,128,1.50
936674,Наличен,1,2.20
942772,Наличен,37,4.80
942773,Наличен,36,4.80
942774,Наличен,63,4.80
942775,Наличен,66,4.80
942768,Наличен,8,3.20
942770,Наличен,19,4.20
942760,Наличен,15,2.50
942761,Наличен,2,2.90
942762,Наличен,23,3.60
942763,Наличен,2,4.20
942766,Наличен,3,3.50
942767,Наличен,1,4.20
942754,Наличен,337,2.50
940289,Наличен,35,1.60
940290,Наличен,169,1.80
944751,Наличен,107,9.60
944752,Наличен,99,10.20
944753,Наличен,75,10.90
948976,Наличен,116,3.20
948977,Изчерпан,0,1.90
948978,Изчерпан,0,2.20
948979,Наличен,5,2.50
949947,Наличен,3,6.60
949948,Наличен,5,6.60
949949,Наличен,9,6.60
949950,Наличен,13,6.60
950360,Изчерпан,0,5.99
950361,Наличен,6,5.99
950488,Наличен,40,5.99
929715,Наличен,1,4.80
929716,Изчерпан,0,5.20
921357,Наличен,4,7.80
921358,Наличен,9,7.80
921359,Изчерпан,0,7.80
921360,Наличен,12,9.20
921361,Наличен,10,9.50
943529,Наличен,6,7.80
944162,Наличен,5,19.40
945545,Наличен,2,12.20
946275,Изчерпан,0,23.50
946277,Изчерпан,0,23.50
946276,Наличен,5,11.70
946278,Изчерпан,0,13.70
954041,Наличен,5,18.60
949138,Изчерпан,0,11.50
949581,Наличен,1,19.20
949586,Наличен,3,85.00
949661,Наличен,1,32.50
949663,Наличен,10,20.30
923346,Наличен,89,1.50
925662,Наличен,16,1.50
925663,Наличен,7,1.50
925670,Наличен,71,1.60
925671,Наличен,139,1.50
374129,Наличен,416,2.20
374451,Наличен,33,2.20
374137,Наличен,29,1.50
374138,Наличен,69,1.80
374139,Наличен,87,1.60
300483,Изчерпан,0,2.90
921733,Изчерпан,0,2.90
949366,Наличен,106,2.90
371241,Наличен,146,2.90
371240,Изчерпан,0,2.80
374136,Наличен,89,1.90
376902,Наличен,34,2.60
376903,Наличен,1,2.60
374128,Наличен,22,1.30
370605,Изчерпан,0,0.80
370606,Наличен,190,0.80
370607,Наличен,412,0.80
370608,Наличен,568,0.80
370602,Наличен,381,0.80
370601,Наличен,78,0.80
370603,Наличен,410,0.80
932301,Наличен,20,4.50
932302,Наличен,20,4.80
932010,Наличен,577,1.20
932011,Изчерпан,0,1.20
932012,Изчерпан,0,1.20
939994,Наличен,7,8.80
940386,Наличен,10,9.80
940387,Наличен,4,9.80
950489,Наличен,40,4.30
942168,Наличен,10,4.30
949364,Наличен,35,4.30
949365,Наличен,42,4.30
943232,Изчерпан,0,3.80
943233,Изчерпан,0,3.80
942725,Наличен,111,1.00
942726,Наличен,71,1.00
942731,Наличен,36,1.00
942732,Наличен,81,1.00
942727,Наличен,1947,1.20
942728,Наличен,2328,1.50
942729,Наличен,1808,1.60
942730,Наличен,1679,1.90
942736,Наличен,1205,1.60
944736,Наличен,53,2.90
944737,Наличен,125,2.90
946798,Наличен,93,1.20
949367,Наличен,10,4.50
949369,Наличен,12,17.80
949370,Наличен,10,4.80
949371,Изчерпан,0,4.80
940488,Наличен,8,7.20
940517,Наличен,12,10.30
925637,Наличен,116,2.90
925639,Изчерпан,0,2.90
925640,Изчерпан,0,2.90
374434,Наличен,13,5.50
374435,Наличен,122,3.20
925636,Наличен,30,4.80
374447,Наличен,35,4.80
374187,Наличен,11,3.60
926492,Наличен,48,9.00
374132,Наличен,23,2.80
374107,Изчерпан,0,5.50
374432,Наличен,111,1.50
374106,Наличен,860,1.50
374133,Наличен,121,2.80
374450,Наличен,43,4.80
374449,Наличен,67,4.80
374433,Наличен,10,5.50
374443,Наличен,56,2.20
374134,Наличен,22,10.00
374453,Наличен,33,6.50
935270,Изчерпан,0,4.90
935271,Наличен,18,6.60
936670,Наличен,6,6.60
939993,Наличен,1,7.80
939983,Изчерпан,0,13.00
941768,Изчерпан,0,7.80
942733,Наличен,25,10.90
940846,Изчерпан,0,36.20
944739,Изчерпан,0,3.80
940507,Наличен,6,9.20
948053,Наличен,3,34.20
940509,Наличен,5,14.90
940482,Наличен,15,8.30
940496,Наличен,5,10.50
940508,Наличен,11,10.80
944943,Наличен,21,14.50
949590,Наличен,3,16.60
949396,Наличен,3,23.50
939989,Изчерпан,0,16.00
939985,Изчерпан,0,27.50
923086,Изчерпан,0,13.10
926159,Наличен,4,2.50
926160,Наличен,7,2.50
925644,Наличен,120,1.30
925645,Наличен,20,1.30
925647,Наличен,130,1.30
925648,Наличен,59,1.90
925651,Наличен,13,2.90
925652,Наличен,57,1.90
925653,Изчерпан,0,1.30
942745,Изчерпан,0,1.80
925654,Наличен,71,1.90
925655,Наличен,76,2.00
925656,Наличен,82,4.80
925657,Наличен,137,1.20
925658,Изчерпан,0,2.20
925659,Наличен,163,3.30
929589,Наличен,70,2.50
374412,Наличен,37,6.50
374413,Наличен,1,6.50
925105,Наличен,13,4.30
374120,Наличен,1537,1.50
374446,Наличен,96,2.50
374122,Наличен,61,1.80
374440,Наличен,32,1.80
374469,Наличен,219,2.20
920866,Наличен,12,2.00
920875,Наличен,39,1.90
372574,Изчерпан,0,1.30
372556,Наличен,56,1.70
372557,Наличен,31,1.70
923341,Наличен,20,7.60
925106,Наличен,5,5.60
376921,Наличен,200,1.90
374417,Наличен,16,1.90
376909,Наличен,48,1.80
925649,Наличен,131,1.50
934605,Наличен,187,1.90
925650,Наличен,151,1.80
932303,Наличен,10,4.30
932305,Наличен,44,4.50
932306,Наличен,17,4.10
932307,Наличен,34,4.30
933912,Наличен,2,12.30
938861,Наличен,3,9.60
949952,Изчерпан,0,9.80
958483,Наличен,6,9.80
940002,Наличен,1,9.80
958480,Наличен,2,9.80
929727,Наличен,1,2.20
942235,Наличен,34,1.60
942234,Наличен,120,4.10
942237,Наличен,71,2.90
942233,Наличен,31,2.00
943461,Наличен,13,6.90
943460,Наличен,10,7.80
943462,Наличен,2,6.80
943921,Изчерпан,0,12.70
944160,Наличен,4,26.00
942735,Наличен,45,1.80
942737,Наличен,155,1.50
942738,Наличен,349,1.90
942739,Изчерпан,0,2.20
942740,Наличен,152,1.90
942742,Наличен,57,2.50
942743,Изчерпан,0,2.60
942741,Наличен,1,1.50
942750,Наличен,114,1.80
942746,Изчерпан,0,2.00
942747,Наличен,132,2.00
942744,Наличен,78,2.60
958491,Изчерпан,0,13.80
942748,Наличен,3,4.80
947127,Изчерпан,0,23.90
949592,Наличен,5,8.30
949591,Наличен,2,20.20
940512,Наличен,6,10.90
949767,Наличен,8,9.80
958481,Наличен,2,9.80
949522,Изчерпан,0,11.80
949521,Изчерпан,0,11.80
949583,Наличен,5,6.80
939981,Изчерпан,0,9.80
939984,Наличен,7,9.60
940903,Наличен,5,8.50
944774,Наличен,7,8.50
948055,Наличен,10,7.80
942098,Наличен,12,10.20
949595,Наличен,3,5.60
946765,Наличен,1,20.30
946766,Наличен,14,20.30
949726,Наличен,9,9.80
951181,Наличен,8,8.80
951182,Наличен,10,11.20
951183,Наличен,3,10.00
951184,Наличен,5,10.60
945874,Наличен,8,27.30
923351,Изчерпан,0,3.60
923355,Наличен,86,7.00
923356,Наличен,124,6.60
921534,Наличен,68,4.20
376928,Наличен,20,4.20
920873,Наличен,13,4.20
376931,Наличен,18,4.20
923347,Наличен,1,2.90
920867,Наличен,16,4.80
920868,Наличен,10,4.80
376933,Наличен,1,4.80
376934,Наличен,9,4.80
925669,Наличен,24,4.60
376935,Наличен,84,4.80
924512,Наличен,1,1.70
924517,Наличен,25,1.70
924516,Наличен,22,1.70
929351,Наличен,12,1.70
929352,Наличен,1,1.70
934610,Наличен,25,3.20
954221,Изчерпан,0,11.50
954222,Изчерпан,0,11.50
954223,Изчерпан,0,11.50
954224,Изчерпан,0,11.50
947136,Изчерпан,0,9.50
947137,Изчерпан,0,9.50
947138,Изчерпан,0,9.50
949582,Наличен,4,11.50
940483,Наличен,1,8.30
940484,Наличен,7,8.30
944944,Наличен,2,8.30
950225,Изчерпан,0,9.50
950400,Наличен,8,13.30
951311,Наличен,2,8.90
950396,Наличен,5,8.90
944945,Наличен,1,8.80
950398,Наличен,1,6.20
920459,Наличен,67,20.20
920460,Наличен,48,22.50
924897,Изчерпан,0,17.50
924898,Изчерпан,0,18.20
952440,Наличен,10,22.30
950147,Наличен,3,46.90
950227,Наличен,2,126.00
950402,Наличен,12,16.30
950690,Изчерпан,0,98.00
950691,Наличен,1,118.00
950750,Наличен,5,46.90
949823,Изчерпан,0,11.80
942713,Наличен,4,11.80
950875,Наличен,3,11.80
949769,Наличен,1,23.50
949770,Наличен,5,23.50
940294,Наличен,9,25.40
940062,Наличен,5,30.90
950871,Наличен,8,18.60
935084,Наличен,10,8.90
922211,Наличен,79,52.00
944154,Наличен,1,440.00
945873,Изчерпан,0,125.00
949917,Изчерпан,0,1056.00
950482,Изчерпан,0,153.00
951016,Наличен,4,31.30
950692,Наличен,1,35.30
951017,Наличен,3,37.20
951811,Наличен,5,48.90
950401,Наличен,1,80.00
943931,Наличен,1,56.70
943925,Наличен,3,60.60
951015,Наличен,3,69.00
949924,Наличен,2,37.20
944659,Изчерпан,0,46.90
374158,Наличен,2,8.90
922687,Наличен,21,6.50
932741,Изчерпан,0,16.40
932742,Изчерпан,0,16.40
932743,Изчерпан,0,16.40
932744,Наличен,43,7.30
932745,Наличен,50,7.30
932746,Наличен,47,7.30
932747,Наличен,52,7.30
932748,Наличен,108,3.80
932749,Наличен,94,3.80
932750,Наличен,98,3.80
941290,Изчерпан,0,23.60
941291,Наличен,5,23.90
941292,Изчерпан,0,23.10
941293,Изчерпан,0,23.10
941294,Наличен,3,31.90
941296,Наличен,3,31.90
941298,Наличен,6,31.90
941299,Наличен,2,154.00
944482,Наличен,4,26.30
946825,Изчерпан,0,29.10
949409,Наличен,53,14.50
949410,Наличен,55,14.50
949407,Наличен,44,14.50
949408,Наличен,91,14.50
949411,Наличен,95,68.00
949403,Наличен,55,17.50
949404,Наличен,71,17.50
949405,Наличен,25,17.50
949406,Наличен,69,17.50
951461,Наличен,77,17.50
932735,Наличен,198,15.20
932737,Наличен,188,10.90
932739,Наличен,168,20.30
932740,Наличен,172,23.20
937154,Изчерпан,0,37.80
940674,Наличен,15,283.00
939734,Наличен,73,19.60
939736,Наличен,32,19.80
939737,Наличен,121,12.90
939733,Наличен,39,148.00
945290,Наличен,9,186.00
939738,Наличен,136,13.80
939735,Наличен,44,145.00
945291,Наличен,12,172.00
942156,Изчерпан,0,1643.00
943192,Изчерпан,0,72.00
944555,Наличен,6,153.00
947574,Наличен,1,705.00
947831,Изчерпан,0,880.00
947338,Изчерпан,0,152.30
949402,Наличен,6,215.00
950585,Наличен,2,142.00
950686,Наличен,5,142.00
950685,Наличен,3,558.00
950589,Наличен,2,695.00
949208,Наличен,88,142.00
949209,Наличен,82,178.00
949210,Наличен,37,139.00
943935,Наличен,4,108.00
952018,Наличен,3,108.00
943963,Наличен,2,108.00
943932,Изчерпан,0,108.00
943939,Наличен,1,108.00
943947,Изчерпан,0,108.00
943927,Наличен,2,469.00
943928,Наличен,3,362.00
949398,Наличен,2,46.90
949824,Наличен,1,39.20
949825,Изчерпан,0,39.20
949217,Наличен,1,39.20
942028,Наличен,1,39.20
949218,Наличен,3,39.20
949768,Изчерпан,0,39.20
950687,Наличен,1,39.20
940445,Изчерпан,0,842.00
954238,Наличен,1,899.00
942702,Наличен,2,412.00
950046,Наличен,2,59.00
960424,Наличен,146,14.90
960425,Наличен,150,14.90
960426,Наличен,162,16.90
960419,Наличен,44,18.60
960420,Наличен,45,9.50
960421,Наличен,42,9.50
960422,Наличен,29,12.90
933958,Наличен,125,166.00
957610,Наличен,4,232.00
956289,Изчерпан,0,237.00
940110,Изчерпан,0,122.00
941668,Наличен,92,218.00
946021,Наличен,121,133.00
946022,Наличен,142,209.00
946023,Наличен,115,222.00
946821,Наличен,2,162.00
955054,Наличен,132,125.00
951233,Наличен,20,385.00
951232,Наличен,87,370.00
951231,Наличен,106,249.00
951236,Наличен,18,223.00
961958,Изчерпан,0,179.00
940054,Наличен,2,179.00
951234,Наличен,107,250.00
946025,Наличен,7,55.00
949237,Изчерпан,0,372.00
947290,Наличен,1,88.00
943946,Изчерпан,0,37.50
942998,Наличен,1,45.00
943937,Изчерпан,0,158.00
947046,Наличен,1,79.00
947047,Наличен,2,45.00
944198,Изчерпан,0,158.00
943943,Наличен,3,128.00
943936,Изчерпан,0,79.00
929389,Изчерпан,0,163.00
956582,Изчерпан,0,95.00
929523,Наличен,261,39.20
938398,Изчерпан,0,10.30
929670,Изчерпан,0,72.00
929669,Изчерпан,0,136.00
942381,Наличен,1,138.00
943819,Наличен,3,245.00
942182,Наличен,1,205.00
946358,Наличен,2,215.00
951164,Наличен,1,1526.00
944481,Наличен,1,726.00
947851,Наличен,2,302.00
949916,Изчерпан,0,802.00
949840,Наличен,1,892.00
261418,Наличен,223,30.80
261419,Наличен,138,22.90
261420,Наличен,319,27.50
261416,Наличен,229,18.90
261417,Наличен,267,19.50
942610,Наличен,1,282.00
943818,Наличен,2,342.00
944499,Наличен,1,2099.00
945824,Изчерпан,0,568.00
949786,Наличен,1,489.00
949785,Изчерпан,0,362.00
947016,Изчерпан,0,165.00
947017,Наличен,3,186.00
947411,Изчерпан,0,469.00
949916,Изчерпан,0,802.00
940885,Изчерпан,0,269.00
942431,Изчерпан,0,422.00
950168,Наличен,769,15.20
950167,Наличен,55,12.30
960242,Наличен,23,23.20
948097,Наличен,59,63.00
953400,Наличен,551,18.80
957852,Наличен,94,122.00
957856,Наличен,40,130.00
957853,Наличен,48,138.00
957854,Наличен,48,123.00
957858,Наличен,52,98.00
957851,Наличен,55,106.00
957857,Наличен,47,62.00
957850,Наличен,30,66.00
957861,Наличен,50,75.00
921326,Наличен,52,60.00
261319,Наличен,41,12.90
261302,Наличен,56,58.00
261303,Наличен,59,65.00
261304,Наличен,2,66.00
261342,Наличен,50,58.00
261343,Наличен,66,65.00
923334,Наличен,55,102.00
954954,Наличен,103,105.00
923335,Наличен,66,116.00
929834,Наличен,26,46.50
934893,Наличен,10,166.80
929278,Наличен,11,179.20
932661,Изчерпан,0,62.10
935314,Наличен,2,126.00
936730,Наличен,34,115.00
952694,Наличен,69,26.90
937917,Наличен,135,28.30
937918,Изчерпан,0,31.20
940391,Наличен,2,196.00
941976,Изчерпан,0,114.60
941441,Изчерпан,0,103.00
959195,Наличен,2,100.00
941143,Наличен,3,105.00
951022,Наличен,90,109.00
935315,Наличен,51,133.00
261331,Наличен,3,130.00
948100,Наличен,62,120.00
948101,Изчерпан,0,123.00
953609,Наличен,6,205.00
957790,Наличен,3,165.00
957791,Наличен,2,188.00
957893,Наличен,1,225.00
957890,Изчерпан,0,283.00
955681,Изчерпан,0,79.00
950390,Наличен,48,88.00
100918,Наличен,5,51.90
954953,Изчерпан,0,79.00
261314,Изчерпан,0,86.00
956386,Наличен,85,93.00
261315,Наличен,58,108.00
952695,Наличен,119,36.50
952696,Наличен,67,39.50
936995,Изчерпан,0,9.80
946874,Изчерпан,0,24.50
942584,Наличен,130,10.20
942583,Наличен,85,12.50
942582,Наличен,122,15.50
942581,Наличен,143,17.20
942580,Наличен,156,18.20
942170,Наличен,2,40.50
935862,Наличен,3,26.50
954952,Наличен,66,49.50
261313,Наличен,88,55.90
956387,Наличен,68,59.00
261327,Наличен,75,60.00
261323,Изчерпан,0,19.60
261322,Наличен,38,31.90
261306,Наличен,137,36.30
261308,Наличен,10,23.90
261310,Наличен,36,31.50
261321,Наличен,3,26.10
261320,Наличен,49,34.20
920328,Наличен,2,50.80
261328,Наличен,7,72.00
261329,Изчерпан,0,58.00
261330,Наличен,6,60.00
261333,Наличен,34,15.80
920329,Наличен,47,15.30
920312,Наличен,51,57.30
920326,Изчерпан,0,26.00
920327,Наличен,12,37.00
920316,Наличен,33,39.90
925489,Изчерпан,0,96.00
936639,Наличен,110,76.60
929847,Наличен,39,34.20
929838,Наличен,43,43.90
957988,Наличен,14,46.90
261311,Изчерпан,0,38.00
925488,Наличен,9,42.50
925487,Наличен,57,52.00
261326,Наличен,81,44.30
261325,Наличен,65,55.00
261324,Наличен,62,55.00
261332,Наличен,37,28.90
921356,Наличен,45,34.90
932968,Наличен,10,34.90
932969,Наличен,58,49.50
930494,Наличен,19,89.00
930495,Наличен,26,90.00
932660,Наличен,80,66.40
935196,Изчерпан,0,123.00
936163,Изчерпан,0,10.00
936164,Наличен,22,10.50
936165,Наличен,79,11.00
936163,Изчерпан,0,10.00
939607,Наличен,269,15.70
939608,Наличен,179,18.60
941610,Наличен,3,58.00
954029,Наличен,1,62.00
942838,Наличен,1,205.00
941614,Наличен,2,25.50
942439,Наличен,216,65.00
945544,Наличен,20,14.50
944507,Наличен,62,39.90
950965,Наличен,160,10.90
924899,Наличен,49,11.50
922380,Наличен,342,4.20
922381,Наличен,66,18.80
922383,Наличен,65,20.90
947936,Изчерпан,0,23.90
949236,Наличен,2,21.50
946431,Наличен,108,75.00
948060,Наличен,10,83.00
948200,Наличен,7,82.00
948201,Изчерпан,0,43.50
948202,Наличен,13,49.30
948203,Изчерпан,0,59.00
948204,Изчерпан,0,58.00
950042,Наличен,1,53.00
950357,Наличен,28,43.50
950358,Наличен,116,46.50
950954,Наличен,59,26.00
950878,Наличен,32,129.00
951021,Наличен,86,23.90
951251,Наличен,56,95.00
929844,Наличен,64,37.00
950051,Изчерпан,0,176.00
951170,Изчерпан,0,65.00
100927,Наличен,25,37.80
100928,Наличен,13,27.80
932273,Наличен,5,21.00
932274,Наличен,4,32.30
932256,Наличен,10,54.00
932257,Наличен,11,56.00
932275,Наличен,9,42.80
934015,Наличен,6,21.00
939031,Наличен,9,70.00
943193,Наличен,2,39.90
943929,Изчерпан,0,17.90
942837,Изчерпан,0,23.20
943865,Изчерпан,0,35.00
944293,Наличен,7,42.80
947139,Изчерпан,0,138.00
948369,Наличен,1,98.00
949399,Наличен,2,29.30
949780,Наличен,3,35.20
948126,Наличен,5,38.50
261335,Наличен,64,37.00
261338,Наличен,17,38.90
261341,Наличен,82,56.00
261339,Наличен,36,41.90
261334,Изчерпан,0,62.20
920313,Наличен,64,44.50
920310,Наличен,12,47.20
920311,Наличен,15,51.90
921325,Наличен,59,52.90
923336,Изчерпан,0,50.00
923337,Наличен,18,62.00
929848,Наличен,52,47.60
261317,Наличен,3,62.40
931678,Изчерпан,0,42.50
931679,Изчерпан,0,46.20
931680,Изчерпан,0,53.00
924353,Наличен,6,119.00
928803,Наличен,7,146.00
928805,Наличен,2,49.00
928806,Наличен,1,66.00
928807,Наличен,11,35.00
932002,Наличен,3,69.30
933599,Наличен,2,172.00
937919,Наличен,96,39.00
939090,Наличен,15,56.70
939091,Наличен,11,66.90
939053,Наличен,8,126.00
938316,Наличен,2,112.00
941211,Изчерпан,0,53.10
941318,Наличен,3,16.80
941316,Наличен,2,34.20
941320,Наличен,2,82.70
936729,Наличен,27,81.10
943950,Наличен,1,75.00
942438,Наличен,42,41.30
939612,Изчерпан,0,230.00
944231,Наличен,50,26.90
944232,Наличен,39,30.20
944508,Наличен,3,81.10
960793,Наличен,1,63.00
960803,Наличен,2,31.50
960774,Наличен,3,37.50
960959,Наличен,2,65.00
950484,Наличен,1,153.00
950486,Наличен,3,45.00
950487,Наличен,2,53.00
950546,Наличен,1,59.00
960800,Наличен,3,25.50
950590,Наличен,2,145.00
950749,Наличен,2,49.00
950553,Наличен,54,48.60
100907,Наличен,18,7.20
100908,Наличен,125,2.60
100909,Наличен,127,6.80
100911,Наличен,37,5.90
100912,Наличен,61,4.20
100920,Наличен,73,19.50
100921,Наличен,33,14.80
100924,Наличен,66,19.50
100929,Наличен,95,19.50
951385,Изчерпан,0,28.80
951384,Наличен,5,28.80
946379,Наличен,5,40.60
924606,Наличен,34,21.30
921166,Наличен,64,5.00
921134,Наличен,62,6.30
921133,Наличен,61,4.50
921135,Наличен,52,6.80
921136,Наличен,6,24.50
923344,Наличен,10,37.80
932279,Наличен,16,1.40
932282,Наличен,68,1.50
932283,Наличен,98,1.50
932284,Наличен,136,1.50
932280,Наличен,138,1.50
932285,Наличен,6,2.80
932288,Наличен,130,3.50
932289,Наличен,13,2.90
932294,Наличен,145,2.20
932272,Наличен,178,12.30
934793,Изчерпан,0,36.30
920602,Наличен,35,1.90
932177,Наличен,172,2.80
932178,Наличен,170,2.60
932179,Наличен,26,2.30
932180,Наличен,139,3.80
932181,Наличен,92,4.50
932183,Наличен,60,4.50
932184,Наличен,135,4.50
932185,Наличен,28,4.90
932187,Наличен,9,24.00
932188,Наличен,55,18.80
932190,Наличен,201,14.80
937168,Наличен,54,3.90
100910,Наличен,142,6.30
938042,Изчерпан,0,43.10
250701,Изчерпан,0,4.10
932125,Наличен,85,12.50
932124,Наличен,183,23.30
924603,Наличен,52,14.80
924604,Наличен,99,6.00
251630,Наличен,205,3.80
939729,Наличен,5,34.30
939730,Наличен,4,45.50
942019,Изчерпан,0,23.30
251634,Наличен,56,15.80
251628,Наличен,33,2.90
251625,Наличен,38,3.30
921158,Наличен,42,17.30
251629,Изчерпан,0,6.50
921159,Наличен,27,3.50
921161,Наличен,183,4.40
956444,Наличен,20,240.00
956446,Наличен,3,430.00
956447,Наличен,3,590.00
954248,Наличен,8,365.00
944977,Наличен,12,7.50
944978,Наличен,15,8.30
944979,Наличен,3,10.50
945768,Наличен,120,5.60
947175,Наличен,70,35.80
947049,Наличен,2,53.00
947398,Наличен,207,8.30
947397,Наличен,117,4.50
947822,Наличен,110,5.80
947821,Наличен,146,12.30
947820,Наличен,125,13.50
948598,Наличен,1,24.90
959385,Наличен,7,265.00
954247,Наличен,3,370.00
949235,Наличен,5,35.20
949459,Наличен,3,81.00
950080,Наличен,1,60.00
950081,Наличен,2,60.00
950138,Наличен,3,79.00
948408,Наличен,65,25.00
924602,Изчерпан,0,43.00
100917,Наличен,6,33.90
100923,Наличен,13,80.00
100925,Наличен,5,105.00
921154,Изчерпан,0,29.90
100916,Наличен,17,22.20
932263,Наличен,10,18.80
937949,Наличен,5,88.00
251616,Изчерпан,0,17.90
944361,Наличен,3,301.00
947823,Наличен,68,18.80
376016,Наличен,464,4.00
960384,Наличен,67,65.00
952021,Наличен,86,51.50
950984,Наличен,244,23.50
950985,Наличен,323,39.00
948390,Наличен,66,149.00
948385,Наличен,54,42.00
948386,Наличен,130,45.00
948383,Наличен,302,53.00
948384,Наличен,221,56.00
950045,Изчерпан,0,205.00
947757,Изчерпан,0,102.00
946877,Изчерпан,0,76.90
945351,Изчерпан,0,65.00
947012,Наличен,1,148.00
947013,Наличен,8,166.00
945957,Изчерпан,0,102.00
946872,Изчерпан,0,102.00
942434,Наличен,1,469.00
939713,Наличен,10,78.00
939712,Изчерпан,0,72.00
939710,Наличен,3,92.00
936156,Наличен,75,68.00
932565,Наличен,5,56.80
932560,Наличен,10,134.40
932561,Наличен,7,25.50
390603,Наличен,67,23.20
390604,Наличен,49,25.50
390605,Наличен,45,34.90
390606,Наличен,18,36.50
390615,Наличен,127,26.50
921966,Изчерпан,0,85.00
927160,Наличен,31,58.00
927159,Наличен,126,48.80
925625,Наличен,47,55.00
390613,Наличен,74,65.00
922214,Изчерпан,0,17.60
922215,Наличен,21,23.80
920339,Наличен,30,36.50
920340,Наличен,103,47.80
921151,Наличен,102,52.00
948395,Наличен,31,16.80
948396,Наличен,42,21.20
948393,Наличен,23,12.00
948394,Наличен,24,13.20
948391,Наличен,17,9.00
948392,Наличен,7,9.90
948398,Наличен,20,36.00
949239,Наличен,3,45.00
947578,Наличен,2,33.50
947579,Наличен,3,37.50
948381,Наличен,178,28.00
948382,Наличен,138,30.50
948379,Наличен,141,24.00
948380,Наличен,106,26.50
947404,Изчерпан,0,7.80
947405,Изчерпан,0,8.80
936157,Наличен,83,14.30
932175,Наличен,68,28.00
932564,Наличен,87,31.20
920464,Наличен,132,12.00
930238,Наличен,110,21.60
930239,Наличен,1,20.80
925628,Наличен,60,17.60
925626,Наличен,66,22.30
390612,Изчерпан,0,20.50
934250,Наличен,12,20.80
922220,Наличен,96,23.20
390607,Наличен,40,16.00
390618,Наличен,106,20.30
390619,Наличен,20,26.90
925810,Изчерпан,0,20.00
925811,Наличен,311,27.50
925812,Наличен,159,33.50
925813,Изчерпан,0,25.50
925814,Наличен,56,31.20
945099,Наличен,1,10.00
928236,Наличен,27,34.20
945878,Наличен,20,40.60
920480,Изчерпан,0,34.50
929981,Наличен,57,37.00
929982,Наличен,30,47.20
938302,Наличен,229,21.50
925630,Наличен,15,10.90
948313,Наличен,63,40.60
948706,Наличен,156,20.00
927023,Наличен,15,19.20
932311,Наличен,31,6.20
936120,Наличен,61,8.50
936121,Наличен,63,8.50
936122,Наличен,30,7.80
947350,Изчерпан,0,4.80
947351,Наличен,5,6.80
949775,Наличен,2,62.00
950043,Изчерпан,0,55.00
920335,Изчерпан,0,62.40
920336,Наличен,9,72.00
922996,Наличен,110,41.50
922997,Наличен,48,35.00
381514,Изчерпан,0,26.90
381511,Наличен,114,13.60
381512,Наличен,79,17.50
381513,Наличен,87,21.60
927298,Наличен,34,45.60
927299,Наличен,40,52.00
927300,Наличен,71,44.80
927301,Наличен,73,58.00
261409,Наличен,230,11.50
261410,Наличен,189,12.20
261411,Наличен,40,13.90
261412,Наличен,56,14.50
261413,Изчерпан,0,16.80
933201,Изчерпан,0,20.00
944992,Изчерпан,0,7.80
950387,Наличен,65,14.80
950388,Наличен,118,11.30
961608,Наличен,43,17.30
947085,Наличен,7,15.10
945926,Наличен,33,12.50
945916,Наличен,31,14.60
945944,Наличен,7,6.20
945945,Наличен,49,7.50
945946,Наличен,82,8.50
945947,Наличен,64,8.50
945948,Наличен,46,10.50
945949,Наличен,1,10.90
945950,Наличен,13,7.50
945951,Наличен,11,8.50
946805,Наличен,66,5.80
946806,Наличен,74,6.00
946807,Наличен,28,6.30
946808,Изчерпан,0,6.60
946809,Наличен,10,7.00
946810,Наличен,43,7.50
946811,Наличен,13,7.80
945908,Наличен,177,9.00
945909,Наличен,176,11.50
945910,Наличен,63,13.50
945911,Наличен,117,15.00
945912,Наличен,124,10.30
945914,Наличен,152,12.30
945894,Наличен,12,20.50
958444,Наличен,16,5.80
956851,Наличен,19,6.30
945789,Наличен,39,8.30
945790,Наличен,9,9.50
945791,Наличен,4,12.00
945792,Наличен,31,14.00
945793,Наличен,6,8.80
945794,Наличен,6,10.20
945795,Наличен,5,10.50
945796,Наличен,49,14.20
941131,Наличен,13,2.00
941132,Наличен,13,2.00
941133,Наличен,13,2.00
941134,Наличен,13,2.00
941135,Наличен,13,2.00
941136,Наличен,13,2.00
941137,Наличен,18,2.00
941138,Наличен,18,2.00
941139,Наличен,28,2.00
941140,Наличен,3,2.00
941490,Наличен,6,5.90
941491,Наличен,6,6.90
937065,Изчерпан,0,6.50
943600,Изчерпан,0,7.50
943601,Изчерпан,0,8.50
937066,Изчерпан,0,9.20
937067,Изчерпан,0,11.00
937068,Изчерпан,0,11.90
937069,Изчерпан,0,12.80
937070,Изчерпан,0,15.50
937071,Изчерпан,0,17.30
937072,Изчерпан,0,19.80
937058,Изчерпан,0,10.80
937059,Изчерпан,0,12.20
937060,Изчерпан,0,13.80
937061,Изчерпан,0,15.20
937062,Изчерпан,0,16.80
937063,Наличен,4,18.20
937064,Наличен,5,19.50
937051,Изчерпан,0,10.80
937052,Изчерпан,0,12.20
937053,Изчерпан,0,13.80
937054,Изчерпан,0,15.20
937055,Изчерпан,0,16.80
937056,Изчерпан,0,18.20
937057,Изчерпан,0,19.50
937047,Изчерпан,0,10.80
937048,Изчерпан,0,12.20
937049,Изчерпан,0,13.80
937050,Изчерпан,0,15.20
937023,Наличен,10,11.20
937024,Наличен,4,14.20
937025,Изчерпан,0,16.50
937026,Изчерпан,0,21.90
940435,Изчерпан,0,7.50
940436,Наличен,5,10.80
940437,Наличен,6,14.20
940438,Изчерпан,0,12.00
940439,Наличен,4,14.20
937019,Изчерпан,0,9.50
937020,Изчерпан,0,11.90
937021,Наличен,6,14.20
937022,Наличен,2,18.80
954352,Изчерпан,0,4.80
954353,Изчерпан,0,5.20
954354,Наличен,4,5.80
954355,Наличен,6,6.20
937010,Изчерпан,0,5.80
937011,Изчерпан,0,8.50
937012,Изчерпан,0,11.20
937013,Изчерпан,0,13.90
937014,Наличен,4,16.50
937000,Изчерпан,0,10.80
937001,Изчерпан,0,14.20
937002,Изчерпан,0,17.50
937003,Изчерпан,0,14.20
937004,Изчерпан,0,9.50
937073,Изчерпан,0,11.90
937074,Изчерпан,0,14.20
937075,Изчерпан,0,18.80
922883,Наличен,64,4.20
935956,Изчерпан,0,4.20
928303,Наличен,81,4.20
935611,Наличен,81,4.20
935612,Наличен,25,4.20
928301,Наличен,92,4.20
928302,Наличен,61,4.20
937262,Изчерпан,0,17.30
935145,Наличен,14,20.50
935146,Наличен,21,20.50
935147,Наличен,25,24.50
935171,Наличен,89,5.50
935172,Наличен,45,5.50
935173,Наличен,81,5.50
935134,Наличен,30,5.50
935133,Наличен,1,5.50
935132,Наличен,42,5.50
935131,Наличен,23,5.50
942682,Наличен,6,5.50
935130,Изчерпан,0,5.50
935129,Наличен,11,5.50
935128,Наличен,20,5.50
935127,Наличен,10,5.50
935126,Наличен,32,5.90
942683,Наличен,45,5.90
942684,Наличен,12,5.90
935266,Наличен,12,6.20
935125,Наличен,2,6.20
935267,Наличен,13,6.20
935124,Изчерпан,0,6.20
935123,Изчерпан,0,6.20
935122,Наличен,25,6.20
935121,Изчерпан,0,6.20
935120,Изчерпан,0,6.20
935119,Изчерпан,0,6.20
935118,Наличен,3,6.80
942681,Изчерпан,0,6.80
935117,Наличен,3,6.80
935116,Наличен,20,6.80
934829,Наличен,70,0.80
934830,Изчерпан,0,1.50
934831,Изчерпан,0,2.60
934832,Изчерпан,0,4.20
375138,Наличен,5,17.80
374498,Наличен,47,3.30
374499,Наличен,54,3.30
948947,Изчерпан,0,1.00
948949,Изчерпан,0,1.00
948950,Изчерпан,0,1.00
948948,Изчерпан,0,1.00
921077,Наличен,3,4.00
921078,Наличен,127,4.00
921076,Наличен,6,4.00
921079,Наличен,124,4.00
921080,Наличен,80,4.00
927946,Наличен,2,4.00
927947,Наличен,41,4.00
921069,Наличен,17,6.50
921071,Наличен,12,10.50
921072,Наличен,99,14.00
955278,Наличен,2,13.90
955279,Наличен,2,13.90
955280,Наличен,1,13.90
947343,Наличен,1,31.50
940833,Наличен,11,34.20
939477,Наличен,17,5.80
925114,Наличен,14,5.20
926166,Наличен,17,5.20
926167,Наличен,9,4.30
925117,Наличен,11,3.50
926161,Наличен,11,6.60
926476,Наличен,37,6.00
926162,Наличен,33,5.90
926163,Наличен,34,5.90
926164,Наличен,55,5.90
926165,Наличен,25,5.90
921541,Наличен,33,12.80
921540,Изчерпан,0,9.90
301113,Наличен,55,4.20
301112,Наличен,38,3.80
926581,Наличен,84,18.20
926580,Наличен,79,16.50
926579,Наличен,47,15.30
926578,Наличен,17,21.80
922668,Наличен,15,14.50
921736,Наличен,7,28.90
921737,Наличен,8,28.90
921735,Наличен,10,21.50
942013,Наличен,5,17.60
939035,Наличен,8,49.00
928749,Изчерпан,0,11.90
952669,Наличен,6,15.30
943742,Изчерпан,0,10.50
943743,Изчерпан,0,11.10
943905,Наличен,35,27.30
944131,Наличен,1,35.00
939030,Наличен,3,48.30
924421,Изчерпан,0,14.50
935809,Наличен,68,17.30
932000,Наличен,21,29.90
925769,Изчерпан,0,17.90
920745,Изчерпан,0,33.90
928750,Наличен,597,2.60
371201,Наличен,10,11.50
371242,Наличен,53,3.20
921367,Наличен,7,9.60
920771,Наличен,8,9.60
922667,Наличен,48,5.00
374189,Наличен,170,1.30
374190,Наличен,204,1.30
370609,Наличен,256,1.20
370610,Наличен,428,0.80
374103,Наличен,28,1.30
370611,Наличен,197,1.90
374812,Наличен,434,3.80
374105,Наличен,274,1.60
931460,Наличен,10,55.00
374422,Изчерпан,0,10.80
376919,Наличен,100,12.00
920350,Наличен,17,65.00
920773,Наличен,25,14.00
929818,Наличен,24,14.00
946866,Наличен,5,41.90
944989,Наличен,2,25.80
371701,Наличен,56,16.00
945522,Наличен,4,95.00
948352,Наличен,5,27.70
922379,Наличен,468,7.80
925624,Наличен,128,10.60
949815,Изчерпан,0,32.00
949816,Наличен,6,40.00
950199,Наличен,20,25.20
950697,Изчерпан,0,55.00
950596,Наличен,20,13.80
932948,Наличен,1,12.60
929590,Наличен,2,33.60
375198,Наличен,28,4.00
370623,Наличен,19,6.50
928751,Изчерпан,0,4.50
374461,Наличен,74,8.80
374472,Наличен,13,18.20
374473,Наличен,37,18.20
374439,Наличен,28,18.20
374173,Наличен,13,15.20
374465,Наличен,27,4.20
925759,Наличен,159,9.20
924344,Наличен,5,55.00
924345,Наличен,5,68.00
925045,Наличен,5,28.00
924346,Наличен,11,32.00
948020,Наличен,2,32.90
926452,Наличен,2,70.00
925049,Наличен,10,10.50
929504,Наличен,4,22.20
924348,Наличен,5,68.00
961009,Наличен,13,49.20
932036,Наличен,8,119.00
926495,Наличен,19,40.50
932554,Наличен,6,36.80
936492,Наличен,4,35.80
936494,Наличен,1,58.50
937391,Наличен,3,137.20
937393,Наличен,7,82.60
937394,Изчерпан,0,70.00
937399,Наличен,32,16.80
937395,Наличен,17,58.80
937396,Наличен,18,58.80
937603,Наличен,12,12.80
938318,Наличен,28,19.50
943903,Наличен,2,75.00
939039,Наличен,3,75.00
943904,Наличен,2,60.00
939049,Наличен,4,31.90
939036,Наличен,3,58.00
939034,Наличен,16,16.80
939239,Наличен,14,86.80
939237,Наличен,48,14.70
939236,Наличен,418,5.30
939045,Изчерпан,0,81.90
939046,Наличен,1,90.00
938383,Наличен,222,19.00
925763,Наличен,6,105.00
924349,Наличен,2,47.60
940297,Наличен,7,31.30
942011,Наличен,24,43.20
942009,Изчерпан,0,83.00
945093,Наличен,55,7.70
945094,Наличен,58,7.70
947053,Наличен,5,11.30
946868,Изчерпан,0,21.80
946867,Наличен,2,76.00
950592,Наличен,1,91.00
946869,Наличен,55,7.80
948593,Изчерпан,0,11.20
948606,Изчерпан,0,10.20
950200,Наличен,3,39.90
950507,Наличен,12,13.80
950508,Наличен,4,12.30
950509,Наличен,3,12.30
950506,Наличен,8,48.80
950597,Наличен,10,28.80
938317,Наличен,5,32.20
950598,Наличен,4,22.30
930241,Наличен,959,12.50
951274,Наличен,42,2.50
951275,Наличен,175,2.50
928715,Наличен,341,1.90
951278,Наличен,177,2.99
951279,Наличен,27,2.99
952804,Наличен,94,4.50
949851,Наличен,49,2.99
949852,Наличен,113,2.99
949853,Наличен,86,2.99
949854,Наличен,58,2.99
949855,Наличен,30,2.99
949849,Наличен,275,2.99
949850,Наличен,154,2.99
949845,Наличен,111,2.99
949846,Наличен,131,2.99
949847,Наличен,114,2.99
949848,Наличен,146,2.99
952051,Наличен,70,2.99
949844,Наличен,233,2.99
949464,Наличен,2,8.90
946886,Наличен,93,2.50
946887,Наличен,33,2.50
945629,Наличен,73,2.50
945628,Наличен,170,2.50
945622,Наличен,35,2.50
945623,Наличен,70,2.50
945624,Наличен,87,2.50
945625,Наличен,34,2.50
945626,Наличен,83,2.50
945627,Наличен,28,2.50
942850,Наличен,727,2.99
942851,Наличен,667,2.99
934879,Наличен,149,2.99
933221,Наличен,70,2.99
933222,Наличен,35,2.99
281005,Наличен,29,2.50
281007,Наличен,16,2.50
281014,Наличен,122,2.99
281013,Наличен,94,2.99
934882,Наличен,42,2.50
935552,Наличен,46,2.50
281012,Наличен,20,2.50
280910,Наличен,37,2.50
280909,Наличен,26,2.50
280908,Наличен,42,2.50
280907,Наличен,39,2.50
280906,Наличен,41,2.50
927381,Наличен,109,2.50
927383,Наличен,103,2.50
928777,Наличен,72,2.50
958782,Наличен,30,2.50
958783,Наличен,37,2.50
280905,Наличен,60,2.50
280994,Наличен,265,2.50
280993,Наличен,395,2.50
280992,Наличен,415,2.50
280991,Наличен,344,2.50
926057,Наличен,212,2.50
926056,Наличен,96,2.50
280911,Наличен,95,2.99
280902,Наличен,48,2.99
280903,Наличен,47,2.99
280904,Наличен,64,2.99
280995,Наличен,105,2.99
280901,Наличен,195,2.99
280863,Наличен,196,2.99
280996,Наличен,116,2.99
280985,Наличен,63,2.99
280969,Наличен,152,2.99
280970,Наличен,133,2.99
942248,Наличен,44,1.10
280873,Наличен,141,2.99
280874,Наличен,69,2.99
280983,Наличен,42,2.99
939597,Наличен,11,6.00
939598,Наличен,5,6.90
939599,Наличен,10,6.90
939600,Наличен,11,6.90
934075,Наличен,2,3.90
934076,Наличен,3,3.90
934077,Наличен,21,3.90
942245,Наличен,11,1.00
942246,Наличен,8,1.00
280871,Наличен,143,2.99
280872,Наличен,123,2.99
931340,Наличен,24,1.80
931341,Наличен,24,1.80
931342,Наличен,16,1.80
280864,Наличен,125,2.99
280865,Наличен,145,2.99
280866,Наличен,53,2.99
280867,Наличен,82,2.99
280868,Наличен,103,2.99
280869,Наличен,86,2.99
280870,Наличен,93,2.99
930356,Наличен,12,4.50
930357,Наличен,3,4.50
930358,Наличен,37,4.50
930359,Наличен,22,4.50
952803,Наличен,250,4.50
930350,Наличен,25,5.10
930351,Наличен,69,5.10
930352,Наличен,22,5.10
930353,Наличен,30,5.10
930354,Наличен,27,5.10
930355,Наличен,35,5.10
280976,Наличен,106,2.99
280975,Наличен,100,2.99
280974,Наличен,253,2.99
938871,Наличен,170,4.90
938872,Наличен,23,4.90
938873,Наличен,180,4.90
938874,Наличен,9,4.90
938875,Наличен,12,4.90
930344,Наличен,16,3.00
930345,Наличен,53,3.00
930346,Наличен,18,3.00
930347,Наличен,19,3.00
930348,Наличен,20,3.00
930349,Наличен,39,3.30
280980,Наличен,16,2.99
280979,Наличен,16,2.99
280978,Наличен,44,2.99
280977,Наличен,123,2.99
938867,Наличен,12,4.90
938868,Наличен,41,4.90
938869,Наличен,65,4.90
938870,Наличен,6,4.90
930343,Наличен,22,5.30
930342,Наличен,24,5.30
924908,Наличен,51,2.99
924909,Наличен,41,2.99
924910,Наличен,47,2.99
924911,Наличен,93,2.99
938864,Наличен,14,13.30
938865,Наличен,10,13.30
938866,Наличен,14,13.30
930316,Наличен,20,4.50
930317,Наличен,26,4.50
930318,Наличен,30,4.50
930319,Наличен,48,5.30
930320,Наличен,32,5.30
930321,Наличен,45,5.30
930322,Наличен,51,5.30
280862,Наличен,120,2.50
280861,Наличен,109,2.50
280984,Наличен,92,2.50
280860,Наличен,108,2.50
922079,Наличен,59,2.50
922078,Наличен,97,2.50
922081,Наличен,37,2.50
938863,Наличен,13,9.10
930304,Наличен,32,5.30
930305,Наличен,40,5.30
930306,Наличен,40,5.30
930307,Наличен,48,5.30
930308,Наличен,39,5.30
930309,Наличен,31,5.30
930310,Наличен,33,5.30
930311,Наличен,37,5.30
930312,Наличен,38,5.30
921205,Изчерпан,0,2.50
930301,Наличен,31,5.00
930302,Наличен,36,5.00
930303,Наличен,30,5.00
926052,Наличен,70,2.99
926053,Наличен,152,2.99
926054,Наличен,23,2.99
926055,Наличен,147,2.99
927829,Наличен,1,10.40
927830,Наличен,5,10.40
927831,Наличен,16,10.40
930289,Наличен,10,10.50
930290,Наличен,5,10.50
930291,Наличен,11,10.50
930292,Наличен,26,10.50
280887,Наличен,56,2.50
280888,Наличен,159,2.50
280889,Наличен,25,2.50
280890,Наличен,145,2.50
280891,Наличен,54,2.50
280892,Наличен,58,2.50
280893,Наличен,101,2.50
280894,Наличен,73,2.50
280895,Наличен,105,2.50
280896,Наличен,56,2.50
280897,Изчерпан,0,2.50
930285,Наличен,12,10.50
930286,Наличен,40,9.90
930287,Наличен,9,9.90
930288,Наличен,8,9.00
280875,Наличен,248,2.50
280876,Наличен,249,2.50
280877,Наличен,91,2.50
280878,Наличен,168,2.50
280879,Наличен,110,2.50
280880,Наличен,186,2.50
280881,Наличен,84,2.50
280882,Наличен,124,2.50
280883,Наличен,85,2.50
280884,Наличен,86,2.50
280885,Наличен,113,2.50
929240,Наличен,5,4.20
929241,Наличен,1,4.20
929242,Наличен,6,4.20
928743,Наличен,8,4.20
930329,Наличен,20,5.50
934343,Наличен,49,5.50
930330,Наличен,52,5.50
930331,Наличен,41,5.50
930332,Наличен,33,5.50
930333,Наличен,51,5.50
930334,Наличен,68,5.50
930335,Наличен,30,5.50
930336,Наличен,40,5.50
930337,Наличен,57,5.50
930338,Наличен,24,5.50
930339,Наличен,13,5.50
930340,Наличен,34,5.50
930341,Наличен,28,5.50
922005,Наличен,55,2.50
922006,Наличен,48,2.50
922007,Наличен,106,2.50
280981,Наличен,92,2.50
946885,Наличен,45,2.50
929238,Наличен,5,9.20
929239,Наличен,2,8.90
930323,Наличен,23,10.50
930324,Наличен,24,10.50
930325,Наличен,30,9.00
930326,Наличен,31,9.00
930327,Наличен,27,10.50
930328,Наличен,11,11.90
920608,Наличен,128,2.50
920607,Наличен,136,2.50
928629,Наличен,8,6.80
928630,Наличен,22,6.80
929244,Наличен,17,6.80
929245,Наличен,12,6.80
930313,Наличен,30,6.80
930314,Наличен,8,6.80
930315,Наличен,10,6.80
280913,Наличен,89,2.50
280914,Наличен,81,2.50
928243,Наличен,45,2.50
281008,Наличен,49,2.50
930293,Наличен,29,6.80
930294,Наличен,1,6.80
930295,Наличен,25,6.80
930296,Наличен,12,6.80
930297,Наличен,2,6.80
930298,Наличен,4,6.80
930299,Наличен,33,6.80
930300,Наличен,15,6.80
280859,Наличен,69,2.50
280858,Наличен,63,2.50
280857,Наличен,67,2.50
280982,Наличен,80,2.50
930280,Наличен,5,9.00
930281,Наличен,3,9.00
930282,Наличен,18,9.80
930283,Наличен,9,11.30
930284,Наличен,27,13.50
922008,Наличен,274,2.50
280917,Наличен,242,2.50
280916,Наличен,339,2.50
280915,Наличен,223,2.50
952058,Наличен,169,2.50
952057,Наличен,117,2.50
952056,Наличен,177,2.50
952055,Наличен,143,2.50
936223,Наличен,33,23.80
936225,Наличен,41,23.80
928143,Наличен,32,23.80
932199,Наличен,18,24.80
927521,Наличен,87,26.50
928144,Наличен,80,27.20
936126,Наличен,23,32.30
936577,Наличен,30,51.00
936578,Наличен,21,51.00
936579,Наличен,34,51.00
936222,Наличен,29,23.80
936224,Наличен,21,23.80
927518,Наличен,21,23.80
932198,Наличен,23,24.80
927519,Наличен,10,26.50
927520,Наличен,14,27.20
936125,Наличен,21,32.30
932134,Наличен,72,22.20
932135,Наличен,51,27.20
932136,Изчерпан,0,30.60
951266,Наличен,47,35.80
921963,Наличен,48,40.50
944044,Наличен,134,2.30
944045,Наличен,155,2.50
944046,Наличен,157,2.50
944047,Наличен,59,2.50
944084,Наличен,61,1.90
944098,Наличен,32,1.90
944085,Наличен,15,1.90
944086,Наличен,24,1.90
944099,Наличен,28,1.90
944100,Изчерпан,0,1.90
944087,Наличен,1,1.90
944101,Наличен,9,1.90
944197,Наличен,19,3.60
944195,Наличен,14,3.60
944193,Наличен,12,3.60
944196,Наличен,23,3.60
944194,Наличен,17,3.60
944652,Наличен,74,3.60
937947,Наличен,171,27.80
936392,Наличен,766,2.00
936391,Наличен,4141,0.90
936390,Наличен,2268,0.60
935272,Наличен,999,3.90
935750,Наличен,999,3.90
932176,Наличен,25,35.90
932247,Наличен,2093,0.80
932248,Наличен,754,1.00
932249,Наличен,46,1.10
932250,Наличен,70,1.30
938101,Наличен,41,1.40
932251,Наличен,200,1.60
949094,Наличен,129,1.00
949095,Наличен,52,1.10
949092,Наличен,234,1.00
949093,Наличен,46,1.10
925108,Наличен,5,65.00
949099,Наличен,17,1.90
949100,Наличен,124,1.90
949101,Наличен,49,1.90
376021,Наличен,65,1.90
376022,Изчерпан,0,1.90
376023,Изчерпан,0,1.90
932133,Наличен,46,1.90
932132,Наличен,87,1.90
949096,Наличен,33,1.90
949097,Наличен,53,1.90
949098,Наличен,37,1.90
949105,Наличен,66,1.90
949106,Наличен,63,1.90
949107,Наличен,46,1.90
376002,Наличен,18,1.90
376003,Наличен,75,1.90
376004,Изчерпан,0,1.90
932127,Наличен,77,1.90
932128,Наличен,32,1.90
949102,Наличен,69,1.90
949103,Наличен,52,1.90
949104,Наличен,7,1.90
930515,Изчерпан,0,6.50
930528,Наличен,73,1.80
930529,Наличен,86,1.80
930530,Наличен,66,1.80
930525,Наличен,264,1.40
930526,Наличен,134,1.40
930527,Наличен,233,1.40
941833,Наличен,199,4.10
930519,Изчерпан,0,1.80
930520,Наличен,69,1.80
930521,Наличен,102,1.80
930522,Наличен,95,1.80
930523,Наличен,111,1.80
930524,Наличен,5,1.80
930516,Изчерпан,0,1.40
930517,Изчерпан,0,1.80
930518,Изчерпан,0,1.40
930502,Изчерпан,0,1.40
930507,Изчерпан,0,1.80
930509,Изчерпан,0,1.80
930497,Наличен,40,1.80
930500,Изчерпан,0,1.80
944858,Изчерпан,0,1.80
930503,Наличен,63,1.80
930504,Наличен,140,1.80
930505,Наличен,182,1.80
930506,Наличен,69,1.40
930508,Изчерпан,0,1.40
930510,Наличен,88,1.80
930511,Наличен,85,1.80
930512,Наличен,153,1.80
930513,Наличен,100,1.80
930514,Наличен,121,1.80
930496,Наличен,105,1.80
930498,Наличен,40,1.80
930501,Наличен,40,1.80
941832,Наличен,1,3.60
942524,Наличен,65,4.90
941219,Наличен,19,25.40
941218,Наличен,79,103.50
942272,Наличен,35,4.80
942271,Наличен,80,2.20
942273,Наличен,57,2.10
942995,Изчерпан,0,4.50
942996,Изчерпан,0,5.10
943458,Изчерпан,0,9.30
959585,Наличен,6,24.50
959586,Наличен,5,19.30
938855,Наличен,23,4.20
938856,Наличен,13,4.20
934742,Наличен,15,15.70
934743,Изчерпан,0,15.70
934744,Наличен,1,7.20
933906,Наличен,3,6.70
374454,Наличен,72,3.60
374111,Наличен,5,2.80
374110,Наличен,19,3.20
930113,Наличен,15,17.50
930114,Наличен,11,23.20
930115,Наличен,27,26.20
930098,Наличен,2,312.00
937940,Наличен,192,3.20
927882,Наличен,43,3.50
927881,Наличен,288,3.80
946988,Наличен,4,168.00
374169,Наличен,73,50.00
950136,Изчерпан,0,289.00
946870,Изчерпан,0,238.00
946871,Изчерпан,0,292.00
374425,Наличен,22,3.20
950603,Наличен,5,10.50
950604,Изчерпан,0,10.50
950605,Наличен,5,10.50
950593,Наличен,8,46.20
950594,Наличен,2,43.30
950595,Наличен,1,48.30
950137,Наличен,1,25.20
240115,Изчерпан,0,20.00
949515,Наличен,5,14.80
949517,Наличен,1,16.90
949519,Наличен,6,23.80
955018,Изчерпан,0,23.30
949514,Наличен,3,14.30
949516,Наличен,4,16.50
949518,Наличен,2,23.30
949508,Наличен,9,15.30
949509,Наличен,1,15.80
949510,Наличен,10,16.80
949511,Изчерпан,0,17.30
949512,Наличен,6,20.80
949513,Наличен,1,21.30
948082,Наличен,77,4.50
948083,Наличен,64,4.50
948084,Наличен,67,4.50
948086,Наличен,67,4.50
948087,Наличен,46,4.50
948085,Наличен,64,4.50
948076,Изчерпан,0,3.60
948078,Изчерпан,0,3.60
948080,Наличен,43,3.60
948077,Наличен,5,3.60
948074,Наличен,7,4.50
948075,Наличен,16,4.50
948079,Наличен,28,3.60
948081,Наличен,65,3.60
946537,Наличен,376,3.90
946534,Наличен,341,3.90
946535,Наличен,65,3.90
946536,Наличен,296,3.90
951786,Наличен,368,4.80
951787,Наличен,502,4.80
947180,Изчерпан,0,25.60
947181,Изчерпан,0,25.60
441160,Изчерпан,0,6.30
370619,Наличен,146,4.50
370630,Наличен,385,21.80
361952,Изчерпан,0,39.90
361957,Изчерпан,0,39.90
360979,Наличен,8,39.90
928641,Наличен,9,19.60
928642,Наличен,2,25.20
932654,Наличен,9,30.20
923345,Наличен,8,5.20
958427,Изчерпан,0,34.50
361955,Наличен,8,34.50
361956,Наличен,11,34.50
360903,Наличен,7,34.50
370635,Наличен,29,3.80
927013,Наличен,96,20.80
927014,Наличен,113,21.80
927277,Изчерпан,0,30.00
360393,Наличен,14,30.00
360392,Наличен,23,30.00
360390,Наличен,37,31.50
360389,Наличен,48,31.50
374408,Наличен,18,3.80
927009,Наличен,24,17.90
927010,Наличен,23,19.60
927011,Наличен,17,25.20
927012,Наличен,38,30.20
926582,Изчерпан,0,12.50
928107,Наличен,92,3.50
928108,Изчерпан,0,3.50
928109,Наличен,3,3.50
927005,Наличен,36,19.30
927006,Наличен,31,19.60
927007,Наличен,19,25.20
927008,Наличен,16,30.50
926169,Наличен,10,4.90
947178,Наличен,5,30.70
947179,Наличен,7,31.50
947185,Наличен,17,50.40
947184,Наличен,16,60.20
947186,Наличен,7,3.80
947177,Наличен,15,6.30
946188,Изчерпан,0,10.50
946190,Изчерпан,0,10.50
946726,Изчерпан,0,10.50
946727,Изчерпан,0,10.50
946178,Наличен,7,6.60
946184,Изчерпан,0,6.60
958698,Наличен,4,6.60
958700,Изчерпан,0,6.60
958699,Наличен,2,6.60
945427,Изчерпан,0,5.80
945431,Изчерпан,0,5.80
945443,Изчерпан,0,6.60
945442,Изчерпан,0,6.60
949955,Изчерпан,0,6.60
945509,Наличен,2,5.50
945433,Изчерпан,0,5.50
945434,Изчерпан,0,5.50
945436,Изчерпан,0,5.30
945437,Изчерпан,0,5.30
945439,Изчерпан,0,5.30
945435,Изчерпан,0,5.50
945451,Наличен,8,6.50
946721,Наличен,7,6.60
946722,Наличен,5,6.60
946171,Наличен,2,5.80
945411,Изчерпан,0,5.80
945417,Изчерпан,0,5.80
946177,Изчерпан,0,6.60
946179,Изчерпан,0,7.80
946723,Наличен,5,6.60
946186,Наличен,4,6.60
946187,Наличен,1,6.60
945416,Наличен,2,5.80
946173,Наличен,3,6.60
945500,Изчерпан,0,5.80
946163,Изчерпан,0,5.80
945425,Изчерпан,0,5.80
945399,Изчерпан,0,5.80
945407,Изчерпан,0,5.80
946185,Изчерпан,0,6.60
946167,Изчерпан,0,5.80
945400,Наличен,2,5.80
945510,Наличен,2,5.80
946164,Изчерпан,0,5.80
945503,Изчерпан,0,5.80
945394,Изчерпан,0,5.80
945402,Наличен,1,5.80
946168,Изчерпан,0,5.80
945395,Изчерпан,0,5.80
945396,Изчерпан,0,5.80
945405,Наличен,6,5.80
945398,Изчерпан,0,5.80
958689,Наличен,9,6.60
945408,Наличен,1,6.20
945501,Изчерпан,0,5.80
946165,Изчерпан,0,5.80
945502,Наличен,3,5.80
945401,Наличен,5,5.80
945393,Изчерпан,0,5.80
945397,Изчерпан,0,5.80
945354,Изчерпан,0,5.50
945362,Наличен,6,5.50
945381,Наличен,6,5.50
945358,Изчерпан,0,5.50
945379,Наличен,7,5.50
946176,Наличен,7,5.50
945508,Изчерпан,0,5.50
945384,Наличен,8,5.50
945385,Наличен,7,5.50
945366,Наличен,7,5.50
945367,Наличен,8,4.50
946175,Изчерпан,0,4.50
945370,Наличен,4,5.50
945371,Наличен,4,5.50
945391,Наличен,5,5.50
945392,Изчерпан,0,5.50
945372,Наличен,8,5.50
945373,Наличен,3,5.50
945375,Наличен,4,5.50
945376,Изчерпан,0,5.50
945380,Наличен,3,5.50
945377,Наличен,6,4.50
945389,Наличен,6,5.50
945387,Наличен,5,5.50
949954,Изчерпан,0,4.50
945355,Изчерпан,0,5.50
945364,Наличен,2,4.50
945368,Наличен,4,5.50
946174,Наличен,2,4.50
945365,Наличен,4,4.50
945378,Наличен,12,4.50
945875,Наличен,12,99.00
943906,Наличен,1,390.00
946197,Изчерпан,0,11.20
937639,Наличен,3,195.00
946195,Изчерпан,0,11.20
374174,Наличен,20,73.00
936230,Изчерпан,0,589.00
370613,Наличен,40,41.30
370612,Наличен,3,23.20
374172,Наличен,20,112.00
374170,Наличен,29,26.50
374171,Наличен,58,17.50
932984,Наличен,7,34.50
370649,Наличен,28,9.50
935865,Изчерпан,0,98.00
374402,Наличен,20,6.20
926366,Изчерпан,0,3.50
370618,Наличен,42,4.60
935613,Изчерпан,0,98.00
374410,Наличен,31,4.50
370620,Наличен,31,3.80
935313,Изчерпан,0,116.00
941821,Наличен,2,116.00
949915,Изчерпан,0,11.20
947428,Наличен,8,28.90
928721,Наличен,19,32.50
928298,Наличен,22,25.90
928300,Изчерпан,0,86.00
928297,Наличен,100,25.90
928296,Наличен,12,28.90
928295,Наличен,25,25.90
928294,Наличен,9,28.90
928293,Наличен,5,28.90
921996,Наличен,264,4.50
921995,Наличен,147,4.50
921994,Наличен,58,4.50
950374,Изчерпан,0,6.90
950375,Наличен,33,6.90
950376,Изчерпан,0,6.90
950377,Изчерпан,0,6.90
950371,Наличен,40,6.80
950370,Наличен,55,6.80
950372,Наличен,43,6.80
950373,Наличен,19,6.80
950366,Изчерпан,0,6.80
950367,Изчерпан,0,6.80
950368,Изчерпан,0,6.80
950369,Изчерпан,0,6.80
950362,Наличен,281,6.50
950363,Наличен,184,6.50
950364,Наличен,121,6.50
950365,Наличен,168,6.50
922585,Наличен,54,4.50
921752,Наличен,44,4.50
921554,Наличен,104,4.50
925986,Наличен,30,4.99
925987,Наличен,59,4.99
925988,Наличен,30,4.99
925989,Наличен,7,4.99
925990,Наличен,54,4.99
925991,Наличен,60,4.99
925992,Наличен,15,4.99
925993,Наличен,24,4.99
929658,Наличен,15,4.99
926193,Наличен,75,4.50
926194,Наличен,63,4.50
926195,Наличен,83,4.50
926693,Наличен,47,4.90
340440,Наличен,86,4.90
340441,Наличен,147,4.90
340442,Наличен,157,4.90
922546,Наличен,109,4.90
351117,Наличен,19,4.90
351119,Наличен,131,4.90
934010,Наличен,110,4.90
350967,Наличен,73,4.90
350969,Наличен,15,4.90
350970,Наличен,70,4.90
350987,Наличен,359,4.90
350989,Наличен,88,4.90
350966,Наличен,26,4.90
350968,Наличен,35,4.90
350971,Наличен,118,4.90
350988,Наличен,59,4.90
350980,Наличен,32,4.90
926058,Наличен,164,3.60
926059,Наличен,40,3.60
926060,Наличен,40,3.60
926061,Наличен,40,3.60
350963,Наличен,92,4.80
350964,Изчерпан,0,4.80
350965,Изчерпан,0,4.80
350979,Наличен,42,4.80
927230,Наличен,58,4.80
350975,Изчерпан,0,4.80
350976,Наличен,75,4.80
350977,Наличен,55,4.80
350978,Наличен,54,4.80
350984,Наличен,40,4.80
350985,Изчерпан,0,4.80
350986,Наличен,40,4.80
350981,Наличен,77,4.80
350982,Наличен,40,4.80
350983,Наличен,14,4.80
925280,Изчерпан,0,3.60
925281,Наличен,73,3.60
925282,Наличен,606,3.60
925283,Наличен,729,3.60
925275,Наличен,557,3.60
925276,Наличен,641,3.60
925277,Наличен,1302,3.60
925278,Наличен,1321,3.60
925279,Наличен,929,3.60
350974,Изчерпан,0,4.50
350955,Наличен,67,4.50
350956,Изчерпан,0,4.50
350957,Изчерпан,0,4.50
350958,Изчерпан,0,4.50
350959,Изчерпан,0,4.50
350960,Наличен,25,4.50
350961,Изчерпан,0,4.50
350962,Наличен,405,4.50
921106,Наличен,18,2.90
340186,Изчерпан,0,2.90
340187,Изчерпан,0,2.90
340188,Изчерпан,0,2.90
340189,Изчерпан,0,2.90
340190,Изчерпан,0,2.90
340191,Наличен,50,2.90
340192,Наличен,20,2.90
340193,Наличен,80,2.90
340194,Наличен,2,2.90
947009,Изчерпан,0,12.30
947010,Изчерпан,0,12.30
950816,Наличен,19,17.50
950817,Наличен,23,16.20
950818,Наличен,21,17.50
950819,Наличен,20,17.50
953105,Наличен,21,17.60
953104,Наличен,24,17.60
945205,Наличен,187,15.60
945206,Наличен,188,16.70
945207,Наличен,46,19.90
945202,Наличен,10,19.90
945203,Наличен,11,17.80
945204,Наличен,9,19.30
945260,Наличен,5,19.90
942154,Наличен,13,9.30
942153,Наличен,14,9.30
942152,Наличен,16,9.30
942151,Наличен,19,9.30
942150,Наличен,34,9.30
942149,Наличен,33,9.30
942148,Наличен,11,9.30
939265,Наличен,22,9.90
939264,Наличен,39,8.80
939267,Наличен,29,9.90
939266,Наличен,37,8.80
939260,Наличен,22,8.80
939261,Наличен,76,8.00
939262,Наличен,43,8.80
939263,Наличен,42,8.00
939259,Наличен,86,7.20
960824,Наличен,158,7.20
960825,Наличен,143,7.20
939258,Наличен,165,7.20
937618,Наличен,21,17.90
937617,Наличен,16,17.90
937616,Наличен,19,17.90
937530,Наличен,10,18.60
939860,Наличен,5,17.90
937615,Наличен,11,16.50
942145,Наличен,38,16.50
937614,Наличен,43,16.80
937872,Наличен,34,18.60
933677,Наличен,321,9.60
933676,Наличен,279,7.80
933675,Наличен,236,7.00
933674,Наличен,21,5.60
948064,Наличен,11,16.80
948065,Наличен,3,16.00
948066,Наличен,8,16.20
948174,Наличен,4,12.00
937840,Наличен,10,286.00
937841,Наличен,41,286.00
937842,Наличен,8,286.00
937843,Наличен,4,286.00
937844,Наличен,38,286.00
937845,Наличен,10,286.00
937834,Наличен,1,286.00
937910,Наличен,44,286.00
937836,Наличен,6,286.00
937837,Наличен,6,286.00
937838,Наличен,4,286.00
937839,Наличен,10,286.00
945208,Наличен,28,9.90
944734,Наличен,82,9.30
945209,Наличен,54,9.30
959513,Наличен,19,9.20
939856,Наличен,17,9.20
939870,Наличен,14,9.20
939857,Наличен,10,9.00
937828,Наличен,118,3.00
937829,Наличен,34,3.00
937830,Наличен,62,3.00
937831,Наличен,30,3.00
937832,Наличен,55,3.00
937833,Наличен,14,3.00
937823,Наличен,60,3.00
937822,Наличен,8,3.00
937909,Наличен,24,3.00
937824,Наличен,34,3.00
937825,Наличен,14,3.00
937826,Наличен,27,3.00
937827,Наличен,33,3.00
937573,Наличен,27,30.80
937572,Наличен,18,28.60
937571,Наличен,11,26.50
937570,Наличен,19,20.90
937568,Наличен,15,9.60
937567,Наличен,32,10.90
937563,Наличен,14,10.30
937564,Наличен,29,10.80
937565,Наличен,27,10.80
937566,Наличен,32,10.80
937562,Наличен,13,9.60
937561,Наличен,25,9.60
937557,Наличен,41,9.00
937558,Наличен,3,9.00
937559,Наличен,6,9.50
937560,Наличен,63,10.00
944671,Наличен,89,9.90
937553,Наличен,3,10.90
937554,Наличен,9,12.50
937555,Наличен,37,11.80
937556,Наличен,17,12.00
937549,Наличен,18,7.50
935544,Наличен,32,10.50
935545,Наличен,17,8.60
935546,Наличен,24,7.95
935547,Наличен,14,6.80
935548,Наличен,30,6.95
935549,Наличен,8,7.90
935550,Наличен,32,7.90
935488,Наличен,26,11.20
935489,Изчерпан,0,11.20
935490,Наличен,27,11.50
935491,Наличен,22,11.50
939875,Наличен,3,11.30
935484,Наличен,21,11.30
935485,Наличен,42,11.30
935486,Наличен,28,11.20
935450,Наличен,8,42.80
935451,Наличен,4,42.80
935452,Наличен,7,45.00
935453,Наличен,8,42.80
935454,Наличен,26,50.00
935467,Наличен,5,46.90
935468,Наличен,9,46.90
935469,Наличен,17,49.90
935470,Наличен,4,44.50
935471,Наличен,10,47.90
935472,Наличен,30,47.90
935473,Наличен,7,115.00
935474,Наличен,4,99.00
935475,Наличен,4,79.00
935476,Наличен,3,63.00
935477,Наличен,3,68.00
935478,Наличен,8,43.80
935479,Наличен,3,42.50
935480,Наличен,13,42.60
935481,Наличен,9,42.60
935482,Изчерпан,0,40.00
935483,Наличен,4,38.50
935455,Наличен,42,8.50
935456,Наличен,31,8.20
935457,Наличен,50,8.20
935458,Наличен,14,8.20
939872,Наличен,14,7.90
939873,Наличен,20,8.60
937589,Наличен,15,8.90
937588,Наличен,18,8.90
937587,Наличен,24,8.90
935459,Изчерпан,0,8.80
935460,Наличен,23,8.80
935461,Наличен,59,8.80
935462,Наличен,24,8.80
935463,Наличен,15,8.20
937620,Наличен,25,12.60
935492,Наличен,5,14.30
935493,Наличен,17,15.90
935494,Наличен,28,15.20
935495,Изчерпан,0,13.90
935496,Наличен,20,15.90
935497,Наличен,14,14.60
953549,Наличен,10,13.90
951677,Наличен,17,13.90
933223,Наличен,6,23.90
932193,Наличен,38,21.80
931392,Наличен,13,17.95
931391,Наличен,18,14.50
931390,Наличен,14,12.90
931389,Наличен,22,12.50
931388,Наличен,84,10.90
931387,Наличен,22,10.90
931386,Наличен,31,10.90
944136,Наличен,37,10.90
940183,Наличен,18,8.60
940182,Наличен,42,8.60
931385,Наличен,52,8.60
931384,Наличен,55,7.60
931383,Наличен,41,7.60
931382,Наличен,97,7.60
931381,Наличен,110,7.60
931380,Наличен,42,8.60
931379,Наличен,18,7.60
931378,Наличен,35,7.60
931377,Наличен,63,7.60
931376,Наличен,43,7.60
931375,Наличен,76,8.60
931374,Наличен,35,7.60
931373,Наличен,11,7.60
931372,Наличен,46,6.95
931371,Наличен,65,6.95
931370,Наличен,34,6.95
931369,Наличен,24,6.95
955566,Наличен,49,6.95
955567,Наличен,40,6.95
955568,Наличен,31,7.60
955569,Наличен,53,7.60
925309,Наличен,41,5.50
921702,Наличен,43,5.50
921703,Наличен,27,5.80
925310,Наличен,23,5.80
921704,Наличен,36,5.80
954351,Наличен,13,5.80
430416,Наличен,16,11.90
430417,Наличен,11,10.20
430418,Наличен,26,10.20
430419,Наличен,35,8.50
430420,Наличен,31,8.50
430421,Наличен,17,6.20
430422,Наличен,83,6.20
430423,Наличен,30,10.80
430424,Наличен,27,10.20
430425,Наличен,13,10.20
430426,Наличен,84,10.20
430427,Наличен,45,11.20
430428,Наличен,22,19.60
430429,Наличен,33,21.30
430430,Наличен,20,21.30
430401,Наличен,19,11.90
430402,Наличен,13,10.20
430403,Наличен,23,10.20
430404,Наличен,16,8.50
430405,Наличен,52,8.50
430406,Наличен,43,6.20
430407,Наличен,41,6.20
430408,Наличен,42,10.80
430409,Наличен,26,10.20
430410,Наличен,13,10.20
430411,Наличен,29,10.20
430412,Наличен,55,11.20
430413,Наличен,27,19.60
430414,Наличен,20,21.30
430415,Наличен,24,21.30
929533,Наличен,15,11.80
929534,Наличен,11,12.30
929535,Наличен,15,19.60
929536,Наличен,23,21.30
929537,Наличен,8,21.30
934878,Наличен,59,5.60
934877,Наличен,106,5.60
934876,Наличен,67,5.60
962471,Наличен,86,5.60
945227,Наличен,5,12.50
935635,Наличен,12,21.30
321626,Изчерпан,0,12.50
943012,Наличен,12,12.20
320194,Наличен,20,12.20
951007,Наличен,20,10.80
951006,Наличен,21,11.90
946238,Наличен,6,19.30
939794,Изчерпан,0,12.90
939772,Изчерпан,0,12.90
939771,Изчерпан,0,12.90
939777,Изчерпан,0,12.90
947891,Изчерпан,0,12.90
947889,Изчерпан,0,12.90
940278,Наличен,17,12.90
947427,Изчерпан,0,12.90
939790,Изчерпан,0,12.90
939789,Изчерпан,0,12.90
939791,Наличен,3,12.90
939788,Изчерпан,0,12.90
939792,Изчерпан,0,12.90
939767,Изчерпан,0,12.90
940279,Изчерпан,0,12.90
940281,Наличен,1,12.90
940277,Изчерпан,0,12.90
939785,Изчерпан,0,12.90
939786,Изчерпан,0,12.90
321629,Наличен,1,13.90
320170,Наличен,8,13.90
321640,Изчерпан,0,13.90
321628,Наличен,5,13.90
948614,Изчерпан,0,5.60
948615,Изчерпан,0,5.50
950711,Наличен,2,5.50
948612,Наличен,8,5.60
951528,Наличен,1,5.50
929543,Наличен,3,8.80
931034,Наличен,3,8.80
931035,Наличен,7,8.80
933042,Изчерпан,0,7.30
946082,Изчерпан,0,6.90
945541,Изчерпан,0,8.80
936142,Наличен,27,38.60
940710,Наличен,10,38.60
936143,Наличен,26,38.60
933134,Наличен,9,14.50
945839,Наличен,10,27.30
943124,Наличен,6,27.30
948857,Наличен,8,23.00
946309,Наличен,6,16.80
959373,Наличен,10,14.00
959372,Наличен,12,14.00
946447,Наличен,14,13.60
946521,Наличен,21,13.60
949144,Изчерпан,0,10.80
941111,Наличен,33,4.50
941112,Наличен,28,4.50
941113,Наличен,17,4.50
941114,Наличен,17,4.50
941115,Наличен,28,4.50
948619,Изчерпан,0,6.30
948622,Изчерпан,0,6.30
948621,Наличен,4,6.30
948620,Изчерпан,0,6.30
940092,Изчерпан,0,12.50
940093,Наличен,18,12.50
937152,Изчерпан,0,7.00
927547,Наличен,4,5.60
940665,Наличен,10,5.50
927535,Изчерпан,0,10.80
931850,Изчерпан,0,11.00
931848,Изчерпан,0,25.00
931849,Изчерпан,0,13.00
945855,Наличен,14,14.80
946516,Наличен,66,16.80
937453,Наличен,7,16.80
931180,Наличен,13,17.00
946314,Наличен,21,16.80
931189,Наличен,10,16.80
933139,Наличен,5,16.80
937783,Наличен,1,15.80
940685,Наличен,28,19.30
931176,Наличен,58,19.30
931177,Наличен,20,19.30
935628,Наличен,10,20.60
935627,Наличен,11,20.60
931178,Наличен,13,20.60
937189,Наличен,2,10.50
941095,Изчерпан,0,6.20
941096,Наличен,20,6.20
941097,Наличен,1,6.20
941098,Наличен,29,6.20
941099,Наличен,18,6.20
944097,Наличен,81,6.20
948624,Наличен,16,9.60
946599,Изчерпан,0,9.20
953812,Изчерпан,0,7.00
954468,Наличен,17,6.80
954467,Изчерпан,0,7.00
945542,Изчерпан,0,9.80
945543,Изчерпан,0,9.80
935097,Изчерпан,0,11.90
935099,Изчерпан,0,12.50
940323,Наличен,19,12.50
940322,Наличен,10,11.90
935098,Изчерпан,0,11.90
935095,Изчерпан,0,11.90
935096,Наличен,7,11.90
935102,Изчерпан,0,12.50
935104,Наличен,5,12.50
935103,Наличен,16,11.90
935100,Изчерпан,0,12.50
935101,Изчерпан,0,12.50
936145,Наличен,8,23.80
946524,Наличен,6,24.60
935756,Наличен,1,23.80
940691,Наличен,1,23.80
951293,Наличен,2,23.80
945834,Наличен,9,38.50
929805,Наличен,4,38.50
929807,Наличен,39,38.50
946509,Наличен,3,172.00
931222,Наличен,14,24.60
931644,Наличен,10,24.80
942444,Наличен,25,34.00
940688,Изчерпан,0,38.50
933133,Наличен,9,35.80
928810,Наличен,13,33.30
935691,Изчерпан,0,46.20
940049,Изчерпан,0,6.90
956283,Изчерпан,0,16.80
931175,Наличен,12,19.80
935642,Наличен,24,19.80
944953,Наличен,12,23.00
931642,Наличен,7,16.80
931169,Наличен,20,16.80
933426,Наличен,17,29.00
931182,Наличен,101,26.00
938374,Наличен,5,14.50
936281,Наличен,10,14.50
936284,Наличен,10,14.50
936285,Наличен,23,14.50
320709,Наличен,36,40.50
320716,Наличен,47,43.50
937231,Наличен,2,42.00
320715,Наличен,36,43.50
920968,Наличен,56,43.50
320702,Наличен,13,43.50
320704,Наличен,28,43.50
320727,Наличен,30,43.50
320706,Наличен,19,42.00
320714,Наличен,35,43.50
320713,Наличен,19,40.50
360469,Наличен,12,7.00
360470,Наличен,4,7.00
360471,Наличен,20,7.00
360976,Наличен,15,7.50
360458,Наличен,1,7.50
360457,Наличен,10,7.50
360456,Наличен,22,7.50
360975,Наличен,22,7.50
360455,Наличен,3,7.50
360454,Изчерпан,0,7.50
934341,Изчерпан,0,7.50
360452,Изчерпан,0,7.50
360451,Изчерпан,0,7.50
360450,Наличен,9,7.50
923278,Наличен,71,1.50
923279,Наличен,63,2.60
923280,Наличен,139,3.00
921573,Наличен,229,3.50
360951,Наличен,136,4.50
360952,Наличен,119,5.00
360953,Наличен,229,5.60
956590,Наличен,3,7.20
360955,Наличен,392,7.20
360954,Наличен,95,12.60
360996,Наличен,86,20.90
360902,Наличен,312,22.80
360929,Наличен,130,2.10
360930,Наличен,120,2.10
360931,Наличен,200,2.30
360932,Наличен,560,2.30
936319,Наличен,100,2.30
360933,Наличен,260,2.50
360934,Наличен,270,2.50
360935,Изчерпан,0,3.20
360936,Наличен,160,3.80
360937,Наличен,130,3.80
360950,Изчерпан,0,4.50
360905,Наличен,21,7.50
360906,Наличен,47,7.50
360907,Наличен,149,7.50
360908,Наличен,129,7.50
936320,Наличен,64,7.50
360909,Наличен,108,7.50
360910,Наличен,107,7.50
360911,Изчерпан,0,7.50
360912,Наличен,95,7.50
360913,Наличен,66,7.50
360948,Наличен,136,7.50
360949,Наличен,12,7.50
360487,Наличен,18,5.30
360488,Наличен,18,5.30
360489,Наличен,31,5.30
360490,Наличен,32,5.30
360940,Наличен,10,3.00
360941,Наличен,29,3.00
360942,Наличен,13,3.00
360943,Наличен,16,3.00
360917,Наличен,40,2.00
360918,Наличен,230,2.00
360919,Наличен,120,2.00
360920,Наличен,160,2.00
360921,Наличен,270,2.30
360922,Наличен,220,2.30
360923,Наличен,200,2.30
360924,Наличен,230,2.30
360925,Наличен,220,2.70
360926,Наличен,130,3.00
360927,Наличен,140,3.20
360928,Наличен,148,4.10
360444,Наличен,70,1.25
360445,Наличен,60,1.25
360446,Наличен,50,1.25
360447,Наличен,50,1.25
360448,Наличен,50,1.25
360449,Наличен,70,1.25
360432,Наличен,50,2.50
360433,Наличен,80,2.50
360434,Наличен,200,2.50
360435,Наличен,530,3.15
360436,Наличен,280,3.15
360437,Наличен,310,3.55
360438,Наличен,410,3.55
360439,Наличен,320,3.85
360440,Наличен,200,3.85
360441,Наличен,370,4.40
360442,Наличен,270,4.90
360443,Наличен,300,5.45
360966,Наличен,6,5.00
360967,Наличен,7,5.00
360968,Наличен,30,5.00
360969,Наличен,63,6.50
360970,Наличен,54,6.50
360971,Наличен,79,6.50
360972,Наличен,34,8.00
360973,Наличен,51,8.00
360974,Наличен,26,8.00
361901,Наличен,42,4.50
361902,Наличен,29,4.50
361903,Наличен,24,4.50
361904,Наличен,73,4.50
361905,Наличен,87,4.50
361906,Наличен,75,4.50
361907,Наличен,41,5.00
361908,Изчерпан,0,5.00
361909,Наличен,36,5.00
928727,Изчерпан,0,7.50
928728,Изчерпан,0,7.50
928729,Наличен,4,7.50
928730,Наличен,22,7.90
928731,Наличен,24,7.90
928732,Изчерпан,0,7.90
941972,Наличен,4,7.90
941973,Наличен,39,8.30
928722,Наличен,8,7.95
928723,Изчерпан,0,7.95
928724,Наличен,18,7.95
928725,Наличен,8,7.95
928726,Наличен,37,7.95
955633,Наличен,16,8.00
928733,Наличен,30,8.00
928734,Изчерпан,0,8.80
928735,Наличен,16,9.60
928736,Наличен,20,10.90
928244,Наличен,88,6.50
928245,Наличен,18,6.90
928246,Наличен,14,6.90
928247,Наличен,86,7.30
928248,Наличен,114,7.80
928249,Наличен,121,7.80
928250,Наличен,92,8.50
928251,Изчерпан,0,8.50
928252,Наличен,33,8.50
928253,Наличен,12,9.50
928172,Наличен,32,2.95
928173,Наличен,39,2.95
928174,Наличен,12,2.95
928175,Наличен,10,3.50
928176,Наличен,33,3.50
928177,Наличен,60,3.80
928178,Наличен,49,3.80
928179,Наличен,24,4.50
928180,Наличен,118,4.50
928181,Наличен,44,4.90
928182,Наличен,8,5.60
928183,Наличен,81,6.30
927116,Наличен,11,3.50
927117,Наличен,14,3.50
927118,Наличен,90,3.50
927119,Наличен,3,3.50
927120,Наличен,93,3.50
927121,Наличен,76,3.50
927122,Наличен,16,3.50
927123,Наличен,8,3.50
926826,Изчерпан,0,6.90
926827,Изчерпан,0,6.90
926828,Изчерпан,0,6.90
946862,Наличен,25,8.80
926807,Наличен,18,8.80
926808,Наличен,14,8.80
926809,Изчерпан,0,8.80
928415,Изчерпан,0,10.10
937428,Наличен,6,10.50
921915,Наличен,91,7.30
921916,Наличен,62,7.30
921917,Наличен,12,7.30
921918,Наличен,19,7.30
921919,Наличен,51,7.30
921920,Наличен,23,7.30
921921,Наличен,115,7.30
921922,Наличен,49,7.30
921923,Наличен,25,8.80
921924,Наличен,7,8.80
921925,Наличен,12,8.80
361936,Наличен,25,7.00
360479,Наличен,78,7.00
360480,Наличен,50,7.00
360481,Наличен,174,7.00
360482,Наличен,170,7.00
360483,Наличен,245,7.00
360484,Наличен,297,7.00
360485,Наличен,237,7.00
360493,Наличен,56,7.00
360486,Наличен,138,7.00
360939,Наличен,112,9.00
360946,Наличен,23,9.00
936243,Наличен,65,7.50
